<?xml version="1.0" encoding="UTF-8"?>

<process name="holiday" xmlns="http://jbpm.org/4.4/jpdl">
   <start g="240,100,48,48" name="start1">
      <transition g="-115,-25" name="to员工请假申请" to="员工请假申请"/>
   </start>
   <end g="256,488,48,48" name="end1"/>
   <task g="204,199,127,52" name="员工请假申请">
      <transition g="-63,-25" name="to t部门经理" to="部门经理"/>
   </task>
   <task g="228,356,92,52" name="部门经理">
      <transition g="-62,-25" name="to end1" to="end1"/>
   </task> 
   
</process>